Dist Code,Year,State Code,State Name,Dist Name,soil_per
1,Not Applicable,14,Chhattisgarh,Durg,LOAMY ALFISOLS - 60% ; USTALF/USTOLLS - 40%
2,Not Applicable,14,Chhattisgarh,Bastar,LOAMY ALFISOL - 100%
3,Not Applicable,14,Chhattisgarh,Raipur,USTALF/USTOLLS - 50% ; LOAMY ALFISOLS - 25% ; VERTISOLS - 15%
4,Not Applicable,14,Chhattisgarh,Bilaspur,USTALF/USTOLLS - 100%
5,Not Applicable,14,Chhattisgarh,Raigarh,USTALF/USTOLLS - 100%
6,Not Applicable,14,Chhattisgarh,Surguja,USTALF/USTOLLS - 100%
7,Not Applicable,6,Madhya Pradesh,Jabalpur,VERTIC SOILS - 85% ; VERTISOLS - 15%
8,Not Applicable,6,Madhya Pradesh,Balaghat,VERTIC SOILS - 85% ; VERTISOLS - 15%
9,Not Applicable,6,Madhya Pradesh,Chhindwara,VERTIC SOILS - 85% ; VERTISOLS - 15%
10,Not Applicable,6,Madhya Pradesh,Narsinghpur,VERTISOLS - 80% ; VERTIC SOILS - 20%
11,Not Applicable,6,Madhya Pradesh,Seoni / Shivani,VERTIC SOILS - 85% ; VERTISOLS - 15%
12,Not Applicable,6,Madhya Pradesh,Mandla,VERTIC SOILS - 85% ; VERTISOLS - 15%
13,Not Applicable,6,Madhya Pradesh,Sagar,VERTIC SOILS - 50% ; VERTISOLS - 50%
14,Not Applicable,6,Madhya Pradesh,Damoh,VERTIC SOILS - 60% ; VERTISOLS - 40%
15,Not Applicable,6,Madhya Pradesh,Tikamgarh,VERTIC SOILS - 100%
16,Not Applicable,6,Madhya Pradesh,Chhatarpur,VERTIC SOILS - 80% ; INCEPTISOLS - 20%
17,Not Applicable,6,Madhya Pradesh,Panna,VERTIC SOILS - 100%
18,Not Applicable,6,Madhya Pradesh,Rewa,VERTIC SOILS - 60% ; INCEPTISOLS - 25% ; USTALF/USTOLLS - 15%
19,Not Applicable,6,Madhya Pradesh,Sidhi,USTALF/USTOLLS - 75% ; VERTIC SOILS - 25%
20,Not Applicable,6,Madhya Pradesh,Satna,VERTIC SOILS - 100%
21,Not Applicable,6,Madhya Pradesh,Shahdol,VERTIC SOILS - 60% ; USTALF/USTOLLS - 40%
22,Not Applicable,6,Madhya Pradesh,Gwalior,VERTIC SOILS - 100%
23,Not Applicable,6,Madhya Pradesh,Shivpuri,VERTIC SOILS - 100%
24,Not Applicable,6,Madhya Pradesh,Guna,VERTIC SOILS - 100%
25,Not Applicable,6,Madhya Pradesh,Datia,VERTIC SOILS - 100%
26,Not Applicable,6,Madhya Pradesh,Morena,VERTIC SOILS - 100%
27,Not Applicable,6,Madhya Pradesh,Bhind,VERTIC SOILS - 100%
28,Not Applicable,6,Madhya Pradesh,Indore,VERTIC SOILS - 100%
29,Not Applicable,6,Madhya Pradesh,Ratlam,VERTIC SOILS - 100%
30,Not Applicable,6,Madhya Pradesh,Ujjain,VERTIC SOILS - 100%
31,Not Applicable,6,Madhya Pradesh,Mandsaur,VERTIC SOILS - 100%
32,Not Applicable,6,Madhya Pradesh,Dewas,VERTIC SOILS - 100%
33,Not Applicable,6,Madhya Pradesh,Dhar,VERTIC SOILS - 100%
34,Not Applicable,6,Madhya Pradesh,Jhabua,VERTIC SOILS - 100%
35,Not Applicable,6,Madhya Pradesh,Khargone / West Nimar,VERTIC SOILS - 100%
36,Not Applicable,6,Madhya Pradesh,Khandwa / East Nimar,VERTIC SOILS - 100%
37,Not Applicable,6,Madhya Pradesh,Sehore,VERTIC SOILS - 60% ; VERTISOLS - 40%
38,Not Applicable,6,Madhya Pradesh,Raisen,VERTIC SOILS - 80% ; VERTISOLS - 20%
39,Not Applicable,6,Madhya Pradesh,Vidisha,VERTIC SOILS - 60% ; VERTISOLS - 40%
40,Not Applicable,6,Madhya Pradesh,Betul,VERTIC SOILS - 85% ; VERRTISOLS - 15%
41,Not Applicable,6,Madhya Pradesh,Rajgarh,VERTIC SOILS - 100%
42,Not Applicable,6,Madhya Pradesh,Shajapur,VERTIC SOILS - 90% ; VERTISOLS - 10%
43,Not Applicable,6,Madhya Pradesh,Hoshangabad,VERTIC SOILS - 100%
44,Not Applicable,1,Andhra Pradesh,Srikakulam,ORTHIDS - 100%
45,Not Applicable,1,Andhra Pradesh,Visakhapatnam,ORTHIDS - 50% ; SANDY ALFISOL - 50%
46,Not Applicable,1,Andhra Pradesh,East Godavari,ORTHIDS - 65% ; SANDY ALFISOL - 35%
47,Not Applicable,1,Andhra Pradesh,West Godavari,ORTHIDS - 50% ; SANDY ALFISOL - 50%
48,Not Applicable,1,Andhra Pradesh,Krishna,ORTHIDS - 50% ; LOAMY ALFISOLS - 50%
49,Not Applicable,1,Andhra Pradesh,Guntur,ORTHIDS - 40% ; VERTISOLS - 30% ; SANDY ALFISOL - 30%
50,Not Applicable,1,Andhra Pradesh,S.P.S. Nellore,ORTHIDS - 60% ; SANDY ALFISOL - 40%
51,Not Applicable,1,Andhra Pradesh,Kurnool,SANDY ALFISOL - 60% ; VERTIC SOILS - 40%
52,Not Applicable,1,Andhra Pradesh,Ananthapur,SANDY ALFISOL - 100%
53,Not Applicable,1,Andhra Pradesh,Kadapa YSR,SANDY ALFISOL - 100%
54,Not Applicable,1,Andhra Pradesh,Chittoor,SANDY ALFISOL - 80%; ORTHIDS - 20%
55,Not Applicable,20,Telangana,Hyderabad,SANDY ALFISOL - 100%
56,Not Applicable,20,Telangana,Nizamabad,VERTIC SOILS - 85% ; VERTISOLS - 15%
57,Not Applicable,20,Telangana,Medak,SANDY ALFISOL - 75% ; VERTIC SOILS - 25%
58,Not Applicable,20,Telangana,Mahabubnagar,VERTISOLS - 40% ; VERTIC SOILS - 20% ; SANDY ALFISOL - 40%
59,Not Applicable,20,Telangana,Nalgonda,SANDY ALFISOL - 100%
60,Not Applicable,20,Telangana,Warangal,SANDY ALFISOL - 40% ; VERTIC SOILS - 35% ; ORTHIDS - 25%
61,Not Applicable,20,Telangana,Khammam,VERTISOLS - 60% ; SANDY ALFISOLS - 40%
62,Not Applicable,20,Telangana,Karimnagar,VERTIC SOLS - 70% ; VERTISOLS - 30%
63,Not Applicable,20,Telangana,Adilabad,VERTIC SOILS - 50% ; SANDY ALFISOL - 50%
64,Not Applicable,5,Karnataka,Bangalore,SANDY ALFISOL - 100%
65,Not Applicable,5,Karnataka,Kolar,SANDY ALFISOL - 100%
66,Not Applicable,5,Karnataka,Tumkur,SANDY ALFISOL - 100%
67,Not Applicable,5,Karnataka,Mysore,SANDY ALFISOL - 100%
68,Not Applicable,5,Karnataka,Mandya,SANDY ALFISOL - 100%
69,Not Applicable,5,Karnataka,Hassan,SANDY ALFISOL - 100%
70,Not Applicable,5,Karnataka,Shimoge,SANDY ALFISOL - 100%
71,Not Applicable,5,Karnataka,Chickmagalur,SANDY ALFISOL - 85% ; UDUPTS/UDALFS - 15%
72,Not Applicable,5,Karnataka,Chitradurga,SANDY ALFISOL - 85% ; VERTISOLS - 15%
73,Not Applicable,5,Karnataka,Bellary,SANDY ALFISOL - 70% ; VERTIC SOILS - 30%
74,Not Applicable,5,Karnataka,Dharwad,VERTIC SOILS - 70% ; VERTISOLS - 30%
75,Not Applicable,5,Karnataka,Belgaum,VRTIC SOILS - 70% ; VERTISOLS - 30%
76,Not Applicable,5,Karnataka,Bijapur / Vijayapura,VERTISOLS - 50% ; VERTIC SOILS - 50%
77,Not Applicable,5,Karnataka,Bidar,VERTIC SOILS - 100%
78,Not Applicable,5,Karnataka,Raichur,VERTISOLS - 60% ; VERTIC SOILS - 40%
79,Not Applicable,5,Karnataka,Gulbarga / Kalaburagi,VERTIC SOILS - 55% ; VERTISOLS - 45%
80,Not Applicable,5,Karnataka,Dakshina Kannada,UDUPTS/UDALFS - 70% ; ORTHIDS - 30%
81,Not Applicable,5,Karnataka,Uttara Kannada,VERTIC SOILS - 50% ; UDUPTS/UDALFS - 30% ; ORTHIDS - 20%
82,Not Applicable,5,Karnataka,Kodagu / Coorg,SANDY ALFISOL - 85% ; UDUPTS/UDALFS - 15%
83,Not Applicable,11,Tamil Nadu,Chengalpattu MGR / Kanchipuram,ORTHIDS - 100%
84,Not Applicable,11,Tamil Nadu,South Arcot / Cuddalore,ORTHIDS - 85% ; SANDY ALFISOL - 15%
85,Not Applicable,11,Tamil Nadu,North Arcot / Vellore,SANDY ALFISOL - 85% ; ORTHIDS - 15%
86,Not Applicable,11,Tamil Nadu,Salem,SANDY ALFISOL - 100%
87,Not Applicable,11,Tamil Nadu,Coimbatore,SANDY ALFISOL - 100%
88,Not Applicable,11,Tamil Nadu,Tiruchirapalli / Trichy,ORTHIDS - 25% ; SANDY ALFISOL - 75%
89,Not Applicable,11,Tamil Nadu,Thanjavur,ORTHIDS - 100%
90,Not Applicable,11,Tamil Nadu,Madurai,SANDY ALFISOL - 100%
91,Not Applicable,11,Tamil Nadu,Ramananthapuram,ORTHIDS - 100%
92,Not Applicable,11,Tamil Nadu,Thirunelveli,SANDY ALFISOL - 100%
93,Not Applicable,11,Tamil Nadu,The Nilgiris,SANDY ALFISOL - 100%
94,Not Applicable,11,Tamil Nadu,Kanyakumari,ORTHIDS - 100%
95,Not Applicable,7,Maharashtra,Bombay,UDUPTS/UDALFS - 35% ; VERTISOLS - 35% ; VERTIC SOILS - 30%
96,Not Applicable,7,Maharashtra,Thane,VERTIC SOILS - 55% ; ORTHIDS - 45%
97,Not Applicable,7,Maharashtra,Raigad,VERTIC SOILS - 45% ; ORTHIDS - 35% ; UDUPTS/UDALFS - 20%
98,Not Applicable,7,Maharashtra,Ratnagiri,UDUPTS/UDALFS - 50% ; ORTHIDS - 50%
99,Not Applicable,7,Maharashtra,Nasik,VERTIC SOILS - 85% ; VERTISOLS - 15%
100,Not Applicable,7,Maharashtra,Dhule,VERTIC SOILS - 65% ; VERTISOLS - 35%
101,Not Applicable,7,Maharashtra,Jalgaon,VERTIC SOILS - 65% ; VERTISOLS - 35%
102,Not Applicable,7,Maharashtra,Ahmednagar,VERTIC SOILS - 60% ; VERTISOLS - 40%
103,Not Applicable,7,Maharashtra,Pune,VERTIC SOILS - 65% ; VERTISOLS - 35%
104,Not Applicable,7,Maharashtra,Satara,UDUPTS/UDALFS - 60% ; VERTISOLS - 40%
105,Not Applicable,7,Maharashtra,Sangli,VERTIC SOILS - 75% ; VERTISOLS - 25%
106,Not Applicable,7,Maharashtra,Solapur,VERTIC SOILS - 60% ; ORTHIDS - 40%
107,Not Applicable,7,Maharashtra,Kolhapur,VERTISOLS - 50% ; VERTIC SOILS - 50%
108,Not Applicable,7,Maharashtra,Aurangabad,VERTIC SOILS - 80% ; VERTISOLS - 20%
109,Not Applicable,7,Maharashtra,Parbhani,VERTIC SOILS - 75% ; VERTISOLS - 25%
110,Not Applicable,7,Maharashtra,Beed,VERTIC SOILS - 100%
111,Not Applicable,7,Maharashtra,Nanded,VERTIC SOILS - 60% ; VERTISOLS - 40%
112,Not Applicable,7,Maharashtra,Osmanabad,VERTIC SOILS - 100%
113,Not Applicable,7,Maharashtra,Buldhana,VERTIC SOILS - 75% ; VERTISOLS - 25%
114,Not Applicable,7,Maharashtra,Akola,VERTIC SOILS - 60% ; VERTISOLS -40%
115,Not Applicable,7,Maharashtra,Amarawati,VERTIC SOILS - 85% ; VERTISOLS - 15%
116,Not Applicable,7,Maharashtra,Yeotmal,VERTIC SOILS - 100%
117,Not Applicable,7,Maharashtra,Wardha,VERTIC SOILS - 100%
118,Not Applicable,7,Maharashtra,Nagpur,VERTIC SOILS - 100%
119,Not Applicable,7,Maharashtra,Bhandara,VERTIC SOILS - 100%
120,Not Applicable,7,Maharashtra,Chandrapur,VERTIC SOILS - 100%
121,Not Applicable,3,Gujarat,Ahmedabad,USTALF/USTOLLS - 100%
122,Not Applicable,3,Gujarat,Amreli,ORTHIDS - 100%
123,Not Applicable,3,Gujarat,Banaskantha,USTALF/USTOLLS - 100%
124,Not Applicable,3,Gujarat,Bharuch,VERTISOLS - 60% ; ORTHIDS - 25% ; VERTIC SOLS - 15%
125,Not Applicable,3,Gujarat,Vadodara / Baroda,VERTIC SOILS - 55% ; VERTISOLS - 45%
126,Not Applicable,3,Gujarat,Bhavnagar,ORTHIDS - 75% ; VERTIC SOILS - 25%
127,Not Applicable,3,Gujarat,Valsad,VERTIC SOILS - 60% ; ORTHIDS - 40%
128,Not Applicable,3,Gujarat,Dangs,VERTIC SOILS - 100%
129,Not Applicable,3,Gujarat,Jamnagar,ORTHIDS - 50% ; VERTIC SOILS - 50%
130,Not Applicable,3,Gujarat,Junagadh,ORTHIDS - 50% ; VERTIC SOILS - 50%
131,Not Applicable,3,Gujarat,Kheda,USTALF/USTOLLS - 60% ; VERTIC SOILS - 40%
132,Not Applicable,3,Gujarat,Kutch,ORTHIDS - 85% ; VERTI SOLS - 15%
133,Not Applicable,3,Gujarat,Mehsana,USTALF/USTOLLS - 100%
134,Not Applicable,3,Gujarat,Panchmahal,VERTIC SOILS - 100%
135,Not Applicable,3,Gujarat,Rajkot,VERTIC SOILS - 80% ; VERTISOLS - 20%
136,Not Applicable,3,Gujarat,Sabarkantha,VERTIC SOILS - 50% ; USTALF/USTOLLS - 50%
137,Not Applicable,3,Gujarat,Surat,VERTISOLS - 60% ; ORTHIDS - 20% ; VERTIC SOILS - 20%
138,Not Applicable,3,Gujarat,Surendranagar,USTALF/USTOLLS - 60% ; VERTIC SOILS - 40%
139,Not Applicable,10,Rajasthan,Ajmer,INCEPTISOLS - 60% ; PSSAMENTS - 40%
140,Not Applicable,10,Rajasthan,Alwar,INCEPTISOLS - 100%
141,Not Applicable,10,Rajasthan,Banswara,VERTIC SOILS - 100%
142,Not Applicable,10,Rajasthan,Barmer,PSSAMENTS - 100%
143,Not Applicable,10,Rajasthan,Bharatpur,INCEPTISOLS - 85% ; VERTIC OSILS - 15%
144,Not Applicable,10,Rajasthan,Bhilwara,VERTIC SOILS - 100%
145,Not Applicable,10,Rajasthan,Bikaner,PSSAMENTS - 100%
146,Not Applicable,10,Rajasthan,Bundi,VERTIC SOILS - 100%
147,Not Applicable,10,Rajasthan,Chittorgarh,VERTIC SOILS - 100%
148,Not Applicable,10,Rajasthan,Churu,PSSAMENTS - 100%
149,Not Applicable,10,Rajasthan,Dungarpur,VERTIC SOILS - 100%
150,Not Applicable,10,Rajasthan,Ganganagar,PSSAMENTS - 100%
151,Not Applicable,10,Rajasthan,Jaipur,INCEPTISOLS - 100%
152,Not Applicable,10,Rajasthan,Jaisalmer,PSSAMENTS - 100%
153,Not Applicable,10,Rajasthan,Jalore,PSSAMENTS - 100%
154,Not Applicable,10,Rajasthan,Jhalawar,VERTIC SOILS - 100%
155,Not Applicable,10,Rajasthan,Jhunjhunu,INCEPTISOLS - 50% ; PSSAMNETS - 50%
156,Not Applicable,10,Rajasthan,Jodhpur,PSSAMENTS - 100%
157,Not Applicable,10,Rajasthan,Kota,VERTIC SOILS - 100%
158,Not Applicable,10,Rajasthan,Nagaur,PSSAMNETS - 85% ; INCEPTISOLS - 15%
159,Not Applicable,10,Rajasthan,Pali,PSSAMENTS - 100%
160,Not Applicable,10,Rajasthan,Swami Madhopur,VERTIC SOILS - 85% ; INCEPTISOLS - 15%
161,Not Applicable,10,Rajasthan,Sikar,INCEPTISOLS - 50% ; PSSAMNETS - 50%
162,Not Applicable,10,Rajasthan,Sirohi,PSSAMNETS - 100%
163,Not Applicable,10,Rajasthan,Tonk,INCEPTISOLS - 100%
164,Not Applicable,10,Rajasthan,Udaipur,PSSAMENTS - 30% ; VERTIC SOILS - 70%
165,Not Applicable,9,Punjab,Gurdaspur,INCEPTISOLS - 100%
166,Not Applicable,9,Punjab,Amritsar,INCEPTISOLS - 100%
167,Not Applicable,9,Punjab,Kapurthala,INCEPTISOLS - 100%
168,Not Applicable,9,Punjab,Jalandhar,INCEPTISOLS - 100%
169,Not Applicable,9,Punjab,Hoshiarpur,INCEPTISOLS - 100%
170,Not Applicable,9,Punjab,Roopnagar / Ropar,INCEPTISOLS - 100%
171,Not Applicable,9,Punjab,Ludhiana,INCEPTISOLS - 100%
172,Not Applicable,9,Punjab,Ferozpur,INCEPTISOLS - 20% ; PSSAMENTS - 80%
174,Not Applicable,9,Punjab,Bhatinda,PSSAMENTS - 100%
175,Not Applicable,9,Punjab,Sangrur,INCEPTISOLS - 100%
176,Not Applicable,9,Punjab,Patiala,INCEPTISOLS - 100%
177,Not Applicable,4,Haryana,Hissar,PSSAMENTS - 100%
180,Not Applicable,4,Haryana,Gurgaon,INCEPTISOLS - 100%
181,Not Applicable,4,Haryana,Jind,INCEPTISOLS - 50% ; PSSAMENTS - 505
182,Not Applicable,4,Haryana,Mahendragarh / Narnaul,INCEPTISOLS - 100%
183,Not Applicable,4,Haryana,Ambala,INCEPTISOLS - 100%
184,Not Applicable,4,Haryana,Karnal,INCEPTISOLS - 100%
186,Not Applicable,4,Haryana,Rohtak,INCEPTISOLS - 100%
189,Not Applicable,12,Uttar Pradesh,Saharanpur,INCEPTISOLS - 100%
190,Not Applicable,12,Uttar Pradesh,Muzaffarnagar,INCEPTISOLS - 100%
191,Not Applicable,12,Uttar Pradesh,Meerut,UDOLLS/UDALFS - 100%
192,Not Applicable,12,Uttar Pradesh,Buland Shahar,INCEPTISOLS - 100%
194,Not Applicable,12,Uttar Pradesh,Aligarh,INCEPTISOLS - 100%
195,Not Applicable,12,Uttar Pradesh,Mathura,INCEPTISOLS - 100%
196,Not Applicable,12,Uttar Pradesh,Agra,INCEPTISOLS - 100%
197,Not Applicable,12,Uttar Pradesh,Mainpuri,INCEPTISOLS - 100%
198,Not Applicable,12,Uttar Pradesh,Etah,INCEPTISOLS - 100%
199,Not Applicable,12,Uttar Pradesh,Bareilly,INCEPTISOLS - 100%
200,Not Applicable,12,Uttar Pradesh,Budaun,INCEPTISOLS - 100%
201,Not Applicable,12,Uttar Pradesh,Moradabad,INCEPTISOLS - 100%
202,Not Applicable,12,Uttar Pradesh,Shahjahanpur,INCEPTISOLS - 100%
203,Not Applicable,12,Uttar Pradesh,Pilibhit,INCEPTISOLS - 100%
204,Not Applicable,12,Uttar Pradesh,Rampur,INCEPTISOLS - 100%
205,Not Applicable,12,Uttar Pradesh,Bijnor,INCEPTISOLS - 100%
206,Not Applicable,12,Uttar Pradesh,Farrukhabad,INCEPTISOLS - 100%
207,Not Applicable,12,Uttar Pradesh,Etawah,INCEPTISOLS - 100%
208,Not Applicable,12,Uttar Pradesh,Kanpur,INCEPTISOLS - 100%
209,Not Applicable,12,Uttar Pradesh,Fatehpur,INCEPTISOLS - 100%
210,Not Applicable,12,Uttar Pradesh,Allahabad,INCEPTISOLS - 100%
211,Not Applicable,12,Uttar Pradesh,Jhansi,INCEPTISOLS - 100%
213,Not Applicable,12,Uttar Pradesh,Jalaun,INCEPTISOLS - 100%
214,Not Applicable,12,Uttar Pradesh,Hamirpur,INCEPTISOLS - 100%
215,Not Applicable,12,Uttar Pradesh,Banda,INCEPTISOLS - 100%
216,Not Applicable,12,Uttar Pradesh,Varanasi,INCEPTISOLS - 80% ; UDUPTS/UDALFS - 20%
217,Not Applicable,12,Uttar Pradesh,Mirzpur,INNCEPTISOLS - 60% ; UDUPTS/UDALFS - 40%
218,Not Applicable,12,Uttar Pradesh,Jaunpur,INCEPTISOLS -100%
219,Not Applicable,12,Uttar Pradesh,Ghazipur,INCEPTISOLS - 100%
220,Not Applicable,12,Uttar Pradesh,Ballia,INCEPTISOLS - 100%
221,Not Applicable,12,Uttar Pradesh,Gorakhpur,INCEPTISOLS - 100%
222,Not Applicable,12,Uttar Pradesh,Deoria,INCEPTISOLS - 100%
223,Not Applicable,12,Uttar Pradesh,Basti,INCEPTISOLS - 100%
224,Not Applicable,12,Uttar Pradesh,Azamgarh,INCEPTISOLS - 100%
225,Not Applicable,12,Uttar Pradesh,Lucknow,INCEPTISOLS - 100%
226,Not Applicable,12,Uttar Pradesh,Unnao,INCEPTISOLS - 100%
227,Not Applicable,12,Uttar Pradesh,Rae-Bareily,INCEPTISOLS - 100%
228,Not Applicable,12,Uttar Pradesh,Sitapur,INCEPTISOLS - 100%
229,Not Applicable,12,Uttar Pradesh,Hardoi,INCEPTISOLS - 100%
230,Not Applicable,12,Uttar Pradesh,Kheri,INCEPTISOLS - 100%
231,Not Applicable,12,Uttar Pradesh,Faizabad,INCEPTISOLS - 100%
232,Not Applicable,12,Uttar Pradesh,Gonda,INCEPTISOLS - 100%
233,Not Applicable,12,Uttar Pradesh,Bahraich,INCEPTISOLS - 100%
234,Not Applicable,12,Uttar Pradesh,Sultanpur,INCEPTISOLS - 100%
235,Not Applicable,12,Uttar Pradesh,Pratapgarh,INCEPTISOLS - 100%
236,Not Applicable,12,Uttar Pradesh,Barabanki,INCEPTISOLS - 100%
237,Not Applicable,16,Uttarakhand,Nainital,INCEPTISOLS - 85% ; UDOLLS/UDALFS - 15%
238,Not Applicable,16,Uttarakhand,Almorah,UDOLLS/UDALFS - 85% ; INCEPTISOLS - 15%
239,Not Applicable,16,Uttarakhand,Pithorgarh,INCEPTISOLS - 1005
240,Not Applicable,16,Uttarakhand,Chamoli,UDOLLS/UDALFS - 100%
241,Not Applicable,16,Uttarakhand,Uttar Kashi,UDOLLS/UDALFS - 100%
242,Not Applicable,16,Uttarakhand,Tehri Garhwal,UDOLLS/UDALFS - 100%
243,Not Applicable,16,Uttarakhand,Garhwal,INCEPTISOLS - 55% ; UDOLLS/UDALFS - 45%
244,Not Applicable,16,Uttarakhand,Dehradun,UDOLLS/UDALFS - 60% ; INCEPTISOLS - 40%
601,Not Applicable,17,Assam,Cachar,FLUVENTS-OCHREPTS
602,Not Applicable,17,Assam,Darrang,USTALFS-OCHREPTS
603,Not Applicable,17,Assam,Dibrugarh,FLUVENTS-OCHREPTS
604,Not Applicable,17,Assam,Goalpara,USTALFS-OCHREPTS
605,Not Applicable,17,Assam,Kamrup,USTALFS-OCHREPTS
606,Not Applicable,17,Assam,Karbi Anglong,USTALFS-OCHREPTS
607,Not Applicable,17,Assam,Lakhimpur,FLUVENTS-OCHREPTS
608,Not Applicable,17,Assam,North Cachar Hil / Dima hasao,USTALFS-OCHREPTS
609,Not Applicable,17,Assam,Nagaon,USTALFS-OCHREPTS
610,Not Applicable,17,Assam,Sibsagar,FLUVENTS-OCHREPTS
626,Not Applicable,18,Himachal Pradesh,Bilashpur,UDALFS
627,Not Applicable,18,Himachal Pradesh,Chamba,UDALFS
629,Not Applicable,18,Himachal Pradesh,Kangra,UDALFS-OCHREPTS
630,Not Applicable,18,Himachal Pradesh,Kinnaur,NA
631,Not Applicable,18,Himachal Pradesh,Kullu,UDALFS
632,Not Applicable,18,Himachal Pradesh,Lahul & Spiti,NA
633,Not Applicable,18,Himachal Pradesh,Solan,UDALFS
634,Not Applicable,18,Himachal Pradesh,Mandi,UDALFS-OCHREPTS
635,Not Applicable,18,Himachal Pradesh,Shimla,UDALFS-OCHREPTS
636,Not Applicable,18,Himachal Pradesh,Sirmaur,UDALFS
651,Not Applicable,19,Kerala,Alappuzha,PSAMMENTS-OCHREPTS
652,Not Applicable,19,Kerala,Kannur,FLUVENTS-ORTHENTS
653,Not Applicable,19,Kerala,Eranakulam,PSAMMENTS-ORTHENTS
655,Not Applicable,19,Kerala,Kottayam,USTALFS-TROPEPTS
656,Not Applicable,19,Kerala,Kozhikode,FLUVENTS-ORTHENTS
657,Not Applicable,19,Kerala,Malappuram,FLUVENTS-ORTHENTS
658,Not Applicable,19,Kerala,Palakkad,ORTHENTS-TROPEPTS
659,Not Applicable,19,Kerala,Kollam,DYSTROPEPTS-ORTHENTS
660,Not Applicable,19,Kerala,Thrissur,PSAMMENTS-ORTHENTS
661,Not Applicable,19,Kerala,Thiruvananthapuram,DYSTROPEPTS-ORTHENTS
701,Not Applicable,8,Orissa,Balasore,USTALF/USTOLLS - 100%
702,Not Applicable,8,Orissa,Bolangir,LOAMY ALFISOLS - 55% ; ORTHIDS - 45%
703,Not Applicable,8,Orissa,Cuttack,LOAMY ALFISOLS - 60% ; ORTHIDS - 50%
704,Not Applicable,8,Orissa,Dhenkanal,LOAMY ALFISOLS - 60% ; USTALF/USTOLLS- 40%
705,Not Applicable,8,Orissa,Ganjam,ORTHIDS - 40% ; SANDY ALFISOL - 60%
706,Not Applicable,8,Orissa,Kalahandi,USTALF/USTOLLS - 70% ; LOAMY ALFISOLS - 30%
707,Not Applicable,8,Orissa,Keonjhar,USTALF/USTOLLS - 65% ; LOAMY ALFISOLS - 35%
708,Not Applicable,8,Orissa,Koraput,LOAMY ALFISOLS - 80% ; SANDY ALFISOL - 20%
709,Not Applicable,8,Orissa,Mayurbhanja,USTALF/USTOLLS - 65% ; LOAMY ALFISOLS - 35%
710,Not Applicable,8,Orissa,Phulbani ( Kandhamal ),LOAMY ALFISOL - 50% ; USTALF/USTOLLS - 50%
711,Not Applicable,8,Orissa,Puri,ORTHIDS - 50% ; LOAMY ALFISOLS - 50%
712,Not Applicable,8,Orissa,Sambalpur,USTALF/USTOLLS - 100%
713,Not Applicable,8,Orissa,Sundargarh,USTALF/USTOLLS - 100%
800,Not Applicable,13,West Bengal,24 Parganas,ORTHIDS - 100%
803,Not Applicable,13,West Bengal,Nadia,ORTHIDS - 100%
804,Not Applicable,13,West Bengal,Murshidabad,UDUPTS/UDALFS - 80% ; ORTHIDS - 20%
805,Not Applicable,13,West Bengal,Burdwan,UDUPTS/UDALFS - 75% ; ORTHIDS - 25%
806,Not Applicable,13,West Bengal,Birbhum,UDUPTS/UDALFS - 100%
807,Not Applicable,13,West Bengal,Bankura,USTALF/USTOLLS - 50% ; UDUPTS/UDALFS - 50%
810,Not Applicable,13,West Bengal,Hooghly,ORTHIDS - 85% ; UDUPTS/UDALFS - 15%
811,Not Applicable,13,West Bengal,Howrah,INCEPTISOLS - 100%
812,Not Applicable,13,West Bengal,Jalpaiguri,INCEPTISOLS - 100%
813,Not Applicable,13,West Bengal,Darjeeling,INCEPTISOLS - 100%
814,Not Applicable,13,West Bengal,Malda,INCEPTISOLS - 60% ; USTALF/USTOLLS - 40%
816,Not Applicable,13,West Bengal,Cooch Behar,INCEPTISOLS - 100%
817,Not Applicable,13,West Bengal,Purulia,USTALF/USTOLLS - 100%
818,Not Applicable,13,West Bengal,Midnapur,ORTHIDS - 100%
821,Not Applicable,13,West Bengal,Kolkata,ORTHIDS - 100%
822,Not Applicable,13,West Bengal,West Dinajpur,INCEPTISOLS - 60% ; UDUPTS/UDALFS - 40%
901,Not Applicable,2,Bihar,Champaran,INCEPTISOLS - 100%
902,Not Applicable,2,Bihar,Muzaffarpur,INCEPTISOLS - 100%
903,Not Applicable,2,Bihar,Darbhanga,INCEPTISOLS - 100%
904,Not Applicable,2,Bihar,Saharsa,INCEPTISOLS - 100%
905,Not Applicable,2,Bihar,Purnea,INCEPTISOLS - 100%
906,Not Applicable,2,Bihar,Saran,INCEPTISOLS - 100%
907,Not Applicable,2,Bihar,Patna,INCEPTISOLS - 100%
908,Not Applicable,2,Bihar,Mungair,USTALF/USTOLLS - 60% ; INCEPTISOLS - 40%
909,Not Applicable,2,Bihar,Bhagalpur,INCEPTISOLS - 60% ; USTALF/USTOLLS - 40%
910,Not Applicable,15,Jharkhand,Santhal Paragana / Dumka,INCEPTISOLS - 100%
911,Not Applicable,2,Bihar,Shahabad (now part of Bhojpur district),INCEPTISOLS - 80% ; USTALF/USTOLLS - 20%
912,Not Applicable,2,Bihar,Gaya,USTALF/USTOLLS - 100%
913,Not Applicable,15,Jharkhand,Hazaribagh,USTALF/USTOLLS - 100%
914,Not Applicable,15,Jharkhand,Dhanbad,USTALF/USTOLLS - 100%
915,Not Applicable,15,Jharkhand,Palamau,USTALF/USTOLLS - 100%
916,Not Applicable,15,Jharkhand,Ranchi,USTALF/USTOLLS - 100%
917,Not Applicable,15,Jharkhand,Singhbhum,USTALF/USTOLLS - 100%
999,Not Applicable,11,Tamil Nadu,Chennai,NA
